Title,Date,Link
News,N/A,https://www.bbc.com/news
US & Canada,N/A,https://www.bbc.com/news/us-canada
UK,N/A,https://www.bbc.com/news/uk
Africa,N/A,https://www.bbc.com/news/world/africa
Asia,N/A,https://www.bbc.com/news/world/asia
Australia,N/A,https://www.bbc.com/news/world/australia
Europe,N/A,https://www.bbc.com/news/world/europe
Latin America,N/A,https://www.bbc.com/news/world/latin_america
Middle East,N/A,https://www.bbc.com/news/world/middle_east
In Pictures,N/A,https://www.bbc.com/news/in_pictures
BBC InDepth,N/A,https://www.bbc.com/news/bbcindepth
BBC Verify,N/A,https://www.bbc.com/news/bbcverify
UK Politics,N/A,https://www.bbc.com/news/politics
England,N/A,https://www.bbc.com/news/england
N. Ireland,N/A,https://www.bbc.com/news/northern_ireland
N. Ireland Politics,N/A,https://www.bbc.com/news/northern_ireland/northern_ireland_politics
Scotland,N/A,https://www.bbc.com/news/scotland
Scotland Politics,N/A,https://www.bbc.com/news/scotland/scotland_politics
Wales,N/A,https://www.bbc.com/news/wales
Wales Politics,N/A,https://www.bbc.com/news/wales/wales_politics
China,N/A,https://www.bbc.com/news/world/asia/china
India,N/A,https://www.bbc.com/news/world/asia/india
Live News,N/A,https://www.bbc.com/live/news
Newsletters,N/A,https://www.bbc.com/newsletters
LIVEPakistan strikes Kabul and Kandahar as Afghan Taliban escalate cross-border attacksPakistan's defence minister declares 'open war' with Taliban after Islamabad says two of its soldiers were killed.,N/A,https://www.bbc.com/news/live/czx4pq9xe6rt
Hillary Clinton tells House panel she 'had no idea' of Epstein's crimesThe ex-secretary of state called for President Trump to be questioned under oath about his past association with the sex offender.1 hr agoUS & Canada,N/A,https://www.bbc.com/news/articles/cd6z3e1vdvzo
"American citizen among those killed in Cuba boat shooting, US official saysCuba has accused those on board of planning ""an infiltration with terrorist aims” and firing first.2 hrs agoWorld",N/A,https://www.bbc.com/news/articles/c80j3rlp904o
"Remains found in Tasmania most likely belong to missing Belgian backpacker Celine Cremer, 31, disappeared after going on a hike in a rainforest in June 20233 hrs agoWorld",N/A,https://www.bbc.com/news/articles/cgqgl88w155o
"Watch: Key moments from Hillary Clinton's Epstein depositionThe BBC's North America correspondent Nada Tawfik, reporting from Chappaqua, New York, explains what we know about Clinton's closed-door testimony.1 hr agoUS & Canada",N/A,https://www.bbc.com/news/videos/cjd90l5en59o
"Hong Kong jailed my dad to stop me speaking out, says activist Pro-democracy activist Anna Kwok's father has been jailed for eight months for a national security offence.2 hrs agoAsia",N/A,https://www.bbc.com/news/articles/cly897pv4j9o
The Boys' Love at the heart of Heated Rivalry is a familiar tale in AsiaSame-sex romance has flourished in Asia as a haven of fantasy and escapism for women and the queer community.2 hrs agoAsia,N/A,https://www.bbc.com/news/articles/c78x973y5zvo
How Ghislaine Maxwell brought Bill Clinton into Epstein's orbitDocuments in the Epstein files reveal how Maxwell nurtured the connection between the two men after Clinton left the White House.4 hrs agoUS & Canada,N/A,https://www.bbc.com/news/articles/cp85jdqdyq7o
"US-Iran talks end after 'significant progress', mediator says",N/A,https://www.bbc.com/news/articles/cvg1vd95nl9o
"Netflix drops bid for Warner Bros, clearing way for Paramount takeover",N/A,https://www.bbc.com/news/articles/c5y6p5ypgmzo
"Taking collagen keeps skin more elastic but won't stop wrinkles, say scientists",N/A,https://www.bbc.com/news/articles/cge82vq9x9ro
"North Korea could 'get along' with US, says Kim Jong Un",N/A,https://www.bbc.com/news/articles/c0q3747jvnwo
Danish PM calls snap election with Greenland issue centre-stage,N/A,https://www.bbc.com/news/articles/ckg3e63jwj8o
Shot in school uniform: BBC reveals police order led to Gen Z protest killingsNew evidence reveals what happened when 19 people were shot dead in  Kathmandu last September.1 day agoAsia,N/A,https://www.bbc.com/news/articles/c4g5qx357dzo
BBC explains the Trump-related Epstein files the DOJ is accused of withholdingThe BBC's Tom Bateman explains what Trump-Related Epstein files the Department of Justice is accused of withholding.1 hr agoUS & Canada,N/A,https://www.bbc.com/news/videos/ckgzyvzprj4o
"Bridgerton's first East Asian family is a beautiful thing, say castStars of the hit Netflix show talk about the importance of representation as part two of season four lands.13 hrs agoNewsbeat",N/A,https://www.bbc.com/news/articles/c2k8zyq0qgzo
Pokémon at 30: Fans explain what the series means to themThe massively popular series shows no signs of slowing down as it gears up to celebrate its launch.2 hrs ago,N/A,https://www.bbc.com/news/articles/cpw0xw5nqglo
Trail goes cold for conspiracy theorist gunman six months onDezi Freeman fled into bushland after allegedly gunning down two police officers in August.1 day agoAustralia,N/A,https://www.bbc.com/news/articles/cm280j2jgvyo
Nepal election 2026: When is the vote and who are the main candidates?This election will be the first since deadly youth protests toppled the government in 2025.1 day agoAsia,N/A,https://www.bbc.com/news/articles/cev7z9802zjo
1Watch: Key moments from Hillary Clinton's Epstein deposition,N/A,https://www.bbc.com/news/videos/cjd90l5en59o
2BBC explains the Trump-related Epstein files the DOJ is accused of withholding,N/A,https://www.bbc.com/news/videos/ckgzyvzprj4o
3Watch dramatic rescue of skier buried in deep snow,N/A,https://www.bbc.com/news/videos/cde4gyl7rp0o
"4Trump comment 'distasteful', says USA women's ice hockey captain",N/A,https://www.bbc.com/news/videos/cvgj0ywy1k2o
5Watch: Moment a sinkhole in Omaha traps cars and drivers,N/A,https://www.bbc.com/news/videos/c2k8nvy77jqo
Anthropic boss rejects Pentagon demand to drop AI safeguardsDefense Secretary Pete Hegseth previously threatened to remove the firm from the department's supply chain.48 mins ago,N/A,https://www.bbc.com/news/articles/cvg3vlzzkqeo
Why Asian firms are not cheering Trump tariff rulingThe US Supreme Court's decision to block a pillar of US trade policy has caused yet more uncertainty.1 day agoBusiness,N/A,https://www.bbc.com/news/articles/cdr2kmjd31ro
"Girl, 14, shot dead as South Africa's 'taxi wars' hit schoolViolence has plagued South Africa's highly competitive and lucrative taxi industry for decades.12 hrs agoAfrica",N/A,https://www.bbc.com/news/articles/c62gz17999eo
"Russia and Ukraine exchange more than 1,000 soldiers' bodiesRussia's announcement comes as Ukraine's top negotiator met US peace envoys in Geneva.12 hrs agoWorld",N/A,https://www.bbc.com/news/articles/cg7ed4rp7x5o
"Kenyan charged with luring young men to fight for Russia in UkraineA total of 1,000 Kenyans have reportedly been recruited to fight for Russia in its war against Ukraine.8 hrs agoWorld",N/A,https://www.bbc.com/news/articles/cx2g79kpe2po
Mandelson referred to EU anti-fraud agency over Epstein emailsThe European Commission says it is assessing whether the peer breached its code of conduct while its trade envoy.7 hrs agoEurope,N/A,https://www.bbc.com/news/articles/cj98zm22327o
1Hillary Clinton tells House panel she 'had no idea' of Epstein's crimes,N/A,https://www.bbc.com/news/articles/cd6z3e1vdvzo
2How Ghislaine Maxwell brought Bill Clinton into Epstein's orbit,N/A,https://www.bbc.com/news/articles/cp85jdqdyq7o
"3Netflix drops bid for Warner Bros, clearing way for Paramount takeover",N/A,https://www.bbc.com/news/articles/c5y6p5ypgmzo
4Remains found in Tasmania most likely belong to missing Belgian backpacker,N/A,https://www.bbc.com/news/articles/cgqgl88w155o
"5US-Iran talks end after 'significant progress', mediator says",N/A,https://www.bbc.com/news/articles/cvg1vd95nl9o
6Pakistan strikes Afghan cities as cross-border attacks escalate,N/A,https://www.bbc.com/news/articles/c0j5qx9n887o
"7American citizen among those killed in Cuba boat shooting, US official says",N/A,https://www.bbc.com/news/articles/c80j3rlp904o
8The Boys' Love at the heart of Heated Rivalry is a familiar tale in Asia,N/A,https://www.bbc.com/news/articles/c78x973y5zvo
"9Hong Kong jailed my dad to stop me speaking out, says activist",N/A,https://www.bbc.com/news/articles/cly897pv4j9o
"10First writing may be 40,000 years earlier than thought",N/A,https://www.bbc.com/news/articles/cvgknj7yyv2o
